id;login;email;password
100;Shanon42;Kathlyn.OReilly@yahoo.com;60534469
101;Mitchell_Yost85;Kip_Runolfsdottir80@yahoo.com;22181505
102;Kurt2;Althea.Huel64@yahoo.com;50193487
103;Oran.Prosacco90;Demetris.Roob25@hotmail.com;68085457
104;Rosalind_Kertzmann;Concepcion_Wisoky54@hotmail.com;68615073
105;Rebeka_Kihn69;Imogene_Becker35@hotmail.com;29227997
106;Erwin_Wisoky;Chesley19@gmail.com;67698913
107;Orrin61;Pamela_Hansen24@gmail.com;54509162
108;Barrett_Marvin70;Lora_Mitchell@gmail.com;28778881
109;Einar89;Heidi.Bartell@gmail.com;47290299
110;Rick.Prosacco13;Hosea.Baumbach11@yahoo.com;98548340
111;Alva_Daniel21;Antwon56@gmail.com;92423381
112;Leopoldo71;Glenda25@gmail.com;36507624
113;Rasheed59;Perry72@hotmail.com;84045876
114;Odie20;Adelbert_Lindgren92@gmail.com;48480455
115;Guillermo59;Nicholaus24@yahoo.com;55349811
116;Antonina_Borer;Letha_Klocko@gmail.com;07615198
117;Karina77;Edna_Franecki75@hotmail.com;91979223
118;Elaina_Heaney;Unique_Kautzer97@yahoo.com;87549664
119;Chandler69;Lora.VonRueden@hotmail.com;04546788
120;Mabel87;Rocky.Kilback@hotmail.com;07993061
121;Elias.Pouros;Frederic20@gmail.com;21853821
122;Jovany44;Lempi36@hotmail.com;94767539
123;Oral_Leannon31;Arvilla18@yahoo.com;63982851
124;Claudine.Sawayn;Carlo16@yahoo.com;85629290
125;Magdalen.Ritchie;Jedidiah83@hotmail.com;12248555
126;Andrew94;Francisca_Cormier20@yahoo.com;60352570
127;Laura52;Dino25@gmail.com;00421937
128;Fatima37;Mohamed35@hotmail.com;77773472
129;Marcel85;Chaim31@yahoo.com;82430320
130;Alycia39;Adrianna_Osinski@hotmail.com;31134993
131;Sim0;Matilde15@yahoo.com;84931486
132;Dorian_Stiedemann55;Branson10@hotmail.com;02969322
133;Marianne_Carter;Justus_Kuphal18@gmail.com;29836983
134;Desmond.Tillman;Roberto.Lesch76@hotmail.com;91640437
135;Alana65;Adrian7@gmail.com;16614675
136;Florence.Parisian78;Edyth.Haley@hotmail.com;36222120
137;Sim11;Garfield54@gmail.com;03356905
138;Kaylee.Mitchell;Rudolph.Kuphal@hotmail.com;48325420
139;Hardy_Marquardt23;Reymundo.Roob24@gmail.com;85244503
140;Timmothy.McDermott;Hoyt77@gmail.com;51725175
141;Brandt_Gutmann51;Shanelle_Sporer11@hotmail.com;67367582
142;Eleazar4;Marcia_Pouros83@yahoo.com;50371283
143;Domenico_Krajcik;Adeline31@gmail.com;43272488
144;Benjamin_Kirlin23;Chanel_Nader55@gmail.com;28304385
145;Maude86;Elmore_Pacocha@hotmail.com;33152630
146;Laila_Kutch86;Miracle_Lakin70@yahoo.com;14983491
147;Ricky.Welch;Fleta.OConner4@hotmail.com;16710281
148;Odell62;Mavis70@hotmail.com;26157424
149;Maryse.Tremblay76;Earline_Boyle14@yahoo.com;65705116
150;Clovis.Breitenberg88;Davion_Osinski29@gmail.com;77841306
151;Herbert.Gerlach34;Theodore_Rolfson@hotmail.com;09587037
152;Keara_Batz43;Ciara84@hotmail.com;24194972
153;Devonte_Runolfsdottir;Rosanna.Lehner27@hotmail.com;99073046
154;Harold14;Branson96@yahoo.com;59057676
155;June31;Georgette13@gmail.com;18031007
156;Salvatore33;Bonita.Hermann34@hotmail.com;91918355
157;Winston.Rempel15;Dorcas.Rau20@hotmail.com;52956027
158;Jackie47;Sabryna76@yahoo.com;78624360
159;Rosemary.Herzog90;Lane82@gmail.com;94127410
160;Estel_Rutherford;Keaton.Wisoky@yahoo.com;50717875
161;Louvenia.Lesch80;Domenic51@yahoo.com;21131793
162;Alphonso_Harris;Jovany.Kertzmann@yahoo.com;07095403
163;Zechariah42;Guiseppe40@yahoo.com;17558700
164;Lyda35;Twila_Cartwright@gmail.com;35729134
165;Hildegard_Tremblay;Reba.Ward69@yahoo.com;41137038
166;Kamron_Mraz;Chaz_Champlin31@gmail.com;29683860
167;Ida.Blick;Margie_Spencer11@yahoo.com;79174991
168;Gail.Mueller;Dawn.Murray@yahoo.com;93746317
169;Jarrett.Abernathy;Harold.Dach@yahoo.com;53009527
170;Selena64;Floy_Luettgen82@hotmail.com;50741720
171;Clinton41;Kaden_Effertz53@yahoo.com;63803637
172;Donna31;Oren.Huels@yahoo.com;55588622
173;Andreane_Stamm21;Gladys_Weissnat83@yahoo.com;56331555
174;Marcia.Tillman3;Kylee.DAmore@hotmail.com;02182954
175;Miguel.Terry74;Moises43@gmail.com;33624541
176;Merlin_Barton93;Garrett_Murray@gmail.com;78125589
177;Herminio_Marquardt90;Uriah_Strosin8@gmail.com;60119077
178;Alysa28;Jamie_Wunsch30@hotmail.com;24225878
179;Kristian_Greenfelder;Kristina.Okuneva@hotmail.com;75906528
180;Emmett.Connelly;Carlos_Lang@yahoo.com;07443175
181;Zella.Crona;Rey.Terry39@gmail.com;31377437
182;Blaze61;Jordane_Corwin98@gmail.com;44766821
183;Henri89;Arlo_Beier@gmail.com;39938674
184;Ubaldo_Bahringer;Barton36@hotmail.com;98811939
185;Forest67;Eve8@yahoo.com;35706868
186;Thelma95;Junior_Mayer34@gmail.com;52682930
187;Justyn.Ullrich;Carlee_Keebler@gmail.com;96285829
188;Vern4;Wyman2@hotmail.com;22479680
189;Ona13;Flossie_Littel82@gmail.com;60902216
190;Modesto.Rice;Evalyn.Kirlin@yahoo.com;64370483
191;Derick33;Nicholaus.Roberts57@yahoo.com;67213453
192;Violette54;Shane72@yahoo.com;14272481
193;Alford98;Elouise_Lindgren60@gmail.com;79565767
194;Lane93;Myrtie68@hotmail.com;34299371
195;Woodrow.Ankunding;Khalid_Kshlerin@hotmail.com;52113230
196;Taurean_Powlowski67;Margarette.Torphy22@gmail.com;59272424
197;Zoila.Zemlak42;Kaleb_Schuster@gmail.com;11558406
198;Kaya86;Ricky.Waelchi23@gmail.com;45692904
199;Gussie.McGlynn;Amparo.Prosacco34@yahoo.com;23310775
